{
  "credit": "Made with Blockbench",
  "parent": "builtin/entity",
  "texture_size": [
    128,
    128
  ],
  "display": {
    "thirdperson_righthand": {
      "rotation": [
        95.75,
        -84.93,
        90
      ],
      "translation": [
        0,
        -2.75,
        2
      ]
    },
    "thirdperson_lefthand": {
      "rotation": [
        -145.88999999999987,
        -87.30000000000018,
        -148.01999999999998
      ],
      "translation": [
        0,
        -2.5,
        1.75
      ]
    },
    "firstperson_righthand": {
      "rotation": [
        172.25,
        -75.25,
        -180
      ],
      "translation": [
        0,
        -3.25,
        0
      ],
      "scale": [
        1,
        0.900390625,
        0.951171875
      ]
    },
    "firstperson_lefthand": {
      "rotation": [
        0,
        70.75,
        0
      ],
      "translation": [
        0,
        -1.5,
        0
      ],
      "scale": [
        0.93359375,
        0.74609375,
        0.91015625
      ]
    },
    "gui": {
      "translation": [
        0,
        -6.75,
        0
      ],
      "scale": [
        0.705078125,
        0.597658125,
        1
      ]
    },
    "fixed": {
      "translation": [
        0,
        -8.5,
        0
      ],
      "scale": [
        0.84375,
        0.72265625,
        1
      ]
    },
    "on_shelf": {
      "translation": [
        0,
        -35,
        0
      ]
    }
  }
}